hour, t(sec), P1 (kW), Q1 (kvar), P2 (kW), Q2 (kvar),
0,60,0.0391952,0.012884,0,0,0.000653253333333
0,120,0.0391952,0.0128829,0,0,0.000653253333333
0,180,0.0391908,0.0128812,0,0,0.00065318
0,240,0.0391772,0.0128764,0,0,0.000652953333333
0,300,0.0391739,0.0128756,0,0,0.000652898333333
0,360,0.0391788,0.0128777,0,0,0.00065298
0,420,0.0391717,0.0128749,0,0,0.000652861666667
0,480,0.0391653,0.0128727,0,0,0.000652755
0,540,0.0391652,0.0128729,0,0,0.000652753333333
0,600,0.0390088,0.0128214,0,0,0.000650146666667
0,660,0.0391499,0.0128681,0,0,0.000652498333333
0,720,0.03915,0.0128679,0,0,0.0006525
0,780,0.0391539,0.0128694,0,0,0.000652565
0,840,0.039154,0.0128692,0,0,0.000652566666667
0,900,0.0391541,0.0128694,0,0,0.000652568333333
0,960,0.0391567,0.0128702,0,0,0.000652611666667
0,1020,0.0391585,0.0128702,0,0,0.000652641666667
0,1080,0.0391593,0.012871,0,0,0.000652655
0,1140,0.0391593,0.0128711,0,0,0.000652655
0,1200,0.0391552,0.0128703,0,0,0.000652586666667
0,1260,0.0391544,0.0128694,0,0,0.000652573333333
0,1320,0.0391544,0.0128694,0,0,0.000652573333333
0,1380,0.0391401,0.0128643,0,0,0.000652335
0,1440,0.0391273,0.0128598,0,0,0.000652121666667
0,1500,0.0391286,0.012861,0,0,0.000652143333333
0,1560,0.039131,0.0128618,0,0,0.000652183333333
0,1620,0.0391311,0.0128618,0,0,0.000652185
0,1680,0.0391311,0.0128618,0,0,0.000652185
0,1740,0.0391236,0.0128589,0,0,0.00065206
0,1800,0.0391241,0.0128595,0,0,0.000652068333333
0,1860,0.0391196,0.0128581,0,0,0.000651993333333
0,1920,0.0391191,0.0128578,0,0,0.000651985
0,1980,0.0391196,0.012858,0,0,0.000651993333333
0,2040,0.0391197,0.012858,0,0,0.000651995
0,2100,0.0391197,0.012858,0,0,0.000651995
0,2160,0.0391205,0.0128584,0,0,0.000652008333333
0,2220,0.0391129,0.0128555,0,0,0.000651881666667
0,2280,0.0391128,0.0128558,0,0,0.00065188
0,2340,0.0391128,0.0128558,0,0,0.00065188
0,2400,0.0391138,0.0128561,0,0,0.000651896666667
0,2460,0.0391136,0.012856,0,0,0.000651893333333
0,2520,0.0391149,0.0128565,0,0,0.000651915
0,2580,0.0391085,0.0128541,0,0,0.000651808333333
0,2640,0.0390992,0.0128509,0,0,0.000651653333333
0,2700,0.0391188,0.0128582,0,0,0.00065198
0,2760,0.0391308,0.0128621,0,0,0.00065218
0,2820,0.039139,0.0128647,0,0,0.000652316666667
0,2880,0.0391392,0.0128644,0,0,0.00065232
0,2940,0.208701,0.0685963,0,0,0.00347835
0,3000,0.208668,0.0685844,0,0,0.0034778
0,3060,0.208672,0.0685877,0,0,0.003477866666667
0,3120,0.208678,0.0685897,0,0,0.003477966666667
0,3180,0.208678,0.0685892,0,0,0.003477966666667
0,3240,0.208683,0.068591,0,0,0.00347805
0,3300,0.208713,0.0686009,0,0,0.00347855
0,3360,0.208595,0.0685572,0,0,0.003476583333333
0,3420,0.208613,0.0685686,0,0,0.003476883333333
0,3480,0.208618,0.06857,0,0,0.003476966666667
0,3540,0.208545,0.0685436,0,0,0.00347575
1,0,0.208543,0.0685447,0,0,0.003475716666667
1,60,0.208535,0.0685441,0,0,0.003475583333333
1,120,0.208633,0.0685786,0,0,0.003477216666667
1,180,0.208676,0.0685898,0,0,0.003477933333333
1,240,0.208688,0.0685942,0,0,0.003478133333333
1,300,0.208685,0.06859,0,0,0.003478083333333
1,360,0.208685,0.068592,0,0,0.003478083333333
1,420,0.334681,0.110004,0,0,0.005578016666667
1,480,0.334789,0.110044,0,0,0.005579816666667
1,540,0.334823,0.110052,0,0,0.005580383333333
1,600,0.334901,0.110079,0,0,0.005581683333333
1,660,0.165321,0.0543392,0,0,0.00275535
1,720,0.165315,0.0543356,0,0,0.00275525
1,780,0.165332,0.0543425,0,0,0.002755533333333
1,840,0.165309,0.0543335,0,0,0.00275515
1,900,0.165308,0.0543341,0,0,0.002755133333333
1,960,0.165301,0.0543304,0,0,0.002755016666667
1,1020,0.165297,0.0543302,0,0,0.00275495
1,1080,0.165258,0.0543176,0,0,0.0027543
1,1140,0.165205,0.0542983,0,0,0.002753416666667
1,1200,0.165167,0.0542867,0,0,0.002752783333333
1,1260,0.165124,0.0542726,0,0,0.002752066666667
1,1320,0.165056,0.0542483,0,0,0.002750933333333
1,1380,0.165064,0.0542543,0,0,0.002751066666667
1,1440,0.165047,0.0542471,0,0,0.002750783333333
1,1500,0.0391017,0.0128524,0,0,0.000651695
1,1560,0.0390879,0.012847,0,0,0.000651465
1,1620,0.0390962,0.0128507,0,0,0.000651603333333
1,1680,0.0390863,0.0128467,0,0,0.000651438333333
1,1740,0.0390726,0.0128421,0,0,0.00065121
1,1800,0.0390724,0.0128425,0,0,0.000651206666667
1,1860,0.0390546,0.0128361,0,0,0.00065091
1,1920,0.0390426,0.0128323,0,0,0.00065071
1,1980,0.0390423,0.0128326,0,0,0.000650705
1,2040,0.0390461,0.012834,0,0,0.000650768333333
1,2100,0.0390446,0.0128332,0,0,0.000650743333333
1,2160,0.0390517,0.0128359,0,0,0.000650861666667
1,2220,0.0390427,0.0128326,0,0,0.000650711666667
1,2280,0.0390428,0.0128327,0,0,0.000650713333333
1,2340,0.0390387,0.0128313,0,0,0.000650645
1,2400,0.0390306,0.0128284,0,0,0.00065051
1,2460,0.0390472,0.0128348,0,0,0.000650786666667
1,2520,0.0390604,0.0128387,0,0,0.000651006666667
1,2580,0.0390585,0.0128379,0,0,0.000650975
1,2640,0.0390605,0.0128388,0,0,0.000651008333333
1,2700,0.03906,0.0128384,0,0,0.000651
1,2760,0.0390601,0.0128384,0,0,0.000651001666667
1,2820,0.0390754,0.012844,0,0,0.000651256666667
1,2880,0.0390871,0.0128476,0,0,0.000651451666667
1,2940,0.0391014,0.0128526,0,0,0.00065169
1,3000,0.0391247,0.0128605,0,0,0.000652078333333
1,3060,0.0391132,0.0128555,0,0,0.000651886666667
1,3120,0.0391145,0.0128564,0,0,0.000651908333333
1,3180,0.0391069,0.0128536,0,0,0.000651781666667
1,3240,0.0391163,0.0128572,0,0,0.000651938333333
1,3300,0.0391173,0.0128573,0,0,0.000651955
1,3360,0.0391174,0.0128572,0,0,0.000651956666667
1,3420,0.039117,0.0128568,0,0,0.00065195
1,3480,0.0391286,0.0128614,0,0,0.000652143333333
1,3540,0.0391268,0.0128602,0,0,0.000652113333333
2,0,0.0391277,0.0128608,0,0,0.000652128333333
2,60,0.0391611,0.0128728,0,0,0.000652685
2,120,0.0391629,0.0128724,0,0,0.000652715
2,180,0.0391419,0.0128646,0,0,0.000652365
2,240,0.0391298,0.0128609,0,0,0.000652163333333
2,300,0.0391295,0.0128613,0,0,0.000652158333333
2,360,0.0391296,0.0128612,0,0,0.00065216
2,420,0.0391297,0.0128613,0,0,0.000652161666667
2,480,0.0391297,0.0128613,0,0,0.000652161666667
2,540,0.0391297,0.0128612,0,0,0.000652161666667
2,600,0.0391326,0.0128626,0,0,0.00065221
2,660,0.0391631,0.0128732,0,0,0.000652718333333
2,720,0.0391562,0.0128697,0,0,0.000652603333333
2,780,0.0391552,0.0128696,0,0,0.000652586666667
2,840,0.0391444,0.0128658,0,0,0.000652406666667
2,900,0.039134,0.0128623,0,0,0.000652233333333
2,960,0.0391338,0.0128626,0,0,0.00065223
2,1020,0.0391417,0.0128655,0,0,0.000652361666667
2,1080,0.0391408,0.0128648,0,0,0.000652346666667
2,1140,0.0391416,0.0128653,0,0,0.00065236
2,1200,0.0391415,0.0128653,0,0,0.000652358333333
2,1260,0.0391466,0.012867,0,0,0.000652443333333
2,1320,0.0391363,0.012863,0,0,0.000652271666667
2,1380,0.0391361,0.0128633,0,0,0.000652268333333
2,1440,0.0391297,0.0128612,0,0,0.000652161666667
2,1500,0.0391456,0.0128671,0,0,0.000652426666667
2,1560,0.0826597,0.0271699,0,0,0.001377661666667
2,1620,0.208786,0.0686254,0,0,0.003479766666667
2,1680,0.20869,0.0685892,0,0,0.003478166666667
2,1740,0.208752,0.0686158,0,0,0.0034792
2,1800,0.208747,0.0686111,0,0,0.003479116666667
2,1860,0.378226,0.124316,0,0,0.006303766666667
2,1920,0.378162,0.124292,0,0,0.0063027
2,1980,0.378168,0.124299,0,0,0.0063028
2,2040,0.377953,0.124219,0,0,0.006299216666667
2,2100,0.377948,0.124226,0,0,0.006299133333333
2,2160,0.378052,0.124264,0,0,0.006300866666667
2,2220,0.377955,0.124225,0,0,0.00629925
2,2280,0.377953,0.124228,0,0,0.006299216666667
2,2340,0.377952,0.124227,0,0,0.0062992
2,2400,0.33444,0.10992,0,0,0.005574
2,2460,0.377839,0.12419,0,0,0.006297316666667
2,2520,0.378004,0.124249,0,0,0.006300066666667
2,2580,0.378007,0.124246,0,0,0.006300116666667
2,2640,0.443166,0.145664,0,0,0.0073861
2,2700,0.31724,0.104272,0,0,0.005287333333333
2,2760,0.317172,0.104246,0,0,0.0052862
2,2820,0.317186,0.104254,0,0,0.005286433333333
2,2880,0.27386,0.090018,0,0,0.004564333333333
2,2940,0.273807,0.089994,0,0,0.00456345
2,3000,0.208666,0.0685871,0,0,0.003477766666667
2,3060,0.208653,0.0685797,0,0,0.00347755
2,3120,0.273885,0.0900243,0,0,0.00456475
2,3180,0.104373,0.0343063,0,0,0.00173955
2,3240,0.104373,0.0343059,0,0,0.00173955
2,3300,0.104343,0.0342948,0,0,0.00173905
2,3360,0.039109,0.0128538,0,0,0.000651816666667
2,3420,0.0391087,0.0128544,0,0,0.000651811666667
2,3480,0.0390975,0.0128504,0,0,0.000651625
2,3540,0.13685,0.0449813,0,0,0.002280833333333
3,0,0.136851,0.044981,0,0,0.00228085
3,60,0.136827,0.0449717,0,0,0.00228045
3,120,0.136863,0.0449866,0,0,0.00228105
3,180,0.207443,0.0681826,0,0,0.003457383333333
3,240,0.272519,0.0895693,0,0,0.004541983333333
3,300,0.348468,0.114534,0,0,0.0058078
3,360,0.348435,0.114523,0,0,0.00580725
3,420,0.348416,0.114518,0,0,0.005806933333333
3,480,0.348537,0.114562,0,0,0.00580895
3,540,0.348511,0.114547,0,0,0.005808516666667
3,600,0.413713,0.135982,0,0,0.006895216666667
3,660,0.348496,0.114542,0,0,0.005808266666667
3,720,0.348367,0.114498,0,0,0.005806116666667
3,780,0.348366,0.114502,0,0,0.0058061
3,840,0.348187,0.114437,0,0,0.005803116666667
3,900,0.348275,0.114476,0,0,0.005804583333333
3,960,0.348296,0.11448,0,0,0.005804933333333
3,1020,0.337453,0.110916,0,0,0.005624216666667
3,1080,0.33767,0.110996,0,0,0.005627833333333
3,1140,0.337619,0.11097,0,0,0.005626983333333
3,1200,0.337619,0.11097,0,0,0.005626983333333
3,1260,0.337613,0.110966,0,0,0.005626883333333
3,1320,0.337586,0.110958,0,0,0.005626433333333
3,1380,0.337586,0.11096,0,0,0.005626433333333
3,1440,0.337485,0.110923,0,0,0.00562475
3,1500,0.33768,0.110998,0,0,0.005628
3,1560,0.283473,0.0931759,0,0,0.00472455
3,1620,0.28349,0.0931782,0,0,0.004724833333333
3,1680,0.283491,0.0931787,0,0,0.00472485
3,1740,0.283492,0.0931788,0,0,0.004724866666667
3,1800,0.283492,0.0931797,0,0,0.004724866666667
3,1860,0.283503,0.0931837,0,0,0.00472505
3,1920,0.283559,0.0932023,0,0,0.004725983333333
3,1980,0.283655,0.0932351,0,0,0.004727583333333
3,2040,0.283692,0.0932456,0,0,0.0047282
3,2100,0.283692,0.0932455,0,0,0.0047282
3,2160,0.327232,0.107558,0,0,0.005453866666667
3,2220,0.262038,0.0861285,0,0,0.0043673
3,2280,0.262132,0.0861629,0,0,0.004368866666667
3,2340,0.262154,0.0861677,0,0,0.004369233333333
3,2400,0.262149,0.0861636,0,0,0.00436915
3,2460,0.26216,0.0861689,0,0,0.004369333333333
3,2520,0.262089,0.0861418,0,0,0.00436815
3,2580,0.262021,0.0861198,0,0,0.004367016666667
3,2640,0.327324,0.107591,0,0,0.0054554
3,2700,0.327316,0.107583,0,0,0.005455266666667
3,2760,0.327424,0.107622,0,0,0.005457066666667
3,2820,0.327351,0.107595,0,0,0.00545585
3,2880,0.32739,0.10761,0,0,0.0054565
3,2940,0.256728,0.0843831,0,0,0.0042788
3,3000,0.256727,0.0843826,0,0,0.004278783333333
3,3060,0.256732,0.0843844,0,0,0.004278866666667
3,3120,0.256727,0.0843825,0,0,0.004278783333333
3,3180,0.256716,0.0843782,0,0,0.0042786
3,3240,0.256729,0.0843836,0,0,0.004278816666667
3,3300,0.256735,0.0843848,0,0,0.004278916666667
3,3360,0.256588,0.0843303,0,0,0.004276466666667
3,3420,0.256586,0.0843352,0,0,0.004276433333333
3,3480,0.299942,0.0985816,0,0,0.004999033333333
3,3540,0.469337,0.154263,0,0,0.007822283333333
4,0,0.512749,0.168533,0,0,0.008545816666667
4,60,0.20849,0.0685223,0,0,0.003474833333333
4,120,0.208473,0.0685207,0,0,0.00347455
4,180,0.208518,0.0685377,0,0,0.0034753
4,240,0.208535,0.0685437,0,0,0.003475583333333
4,300,0.208569,0.0685545,0,0,0.00347615
4,360,0.208584,0.0685575,0,0,0.0034764
4,420,0.334419,0.109914,0,0,0.00557365
4,480,0.334307,0.109876,0,0,0.005571783333333
4,540,0.334311,0.109884,0,0,0.00557185
4,600,0.334312,0.109883,0,0,0.005571866666667
4,660,0.334318,0.109886,0,0,0.005571966666667
4,720,0.334252,0.109861,0,0,0.005570866666667
4,780,0.334156,0.109828,0,0,0.005569266666667
4,840,0.33421,0.10985,0,0,0.005570166666667
4,900,0.334324,0.109891,0,0,0.005572066666667
4,960,0.334335,0.109891,0,0,0.00557225
4,1020,0.334324,0.109887,0,0,0.005572066666667
4,1080,0.334431,0.109925,0,0,0.00557385
4,1140,0.334433,0.109923,0,0,0.005573883333333
4,1200,0.334554,0.109967,0,0,0.0055759
4,1260,0.165205,0.054302,0,0,0.002753416666667
4,1320,0.165151,0.0542807,0,0,0.002752516666667
4,1380,0.165201,0.0543011,0,0,0.00275335
4,1440,0.165213,0.0543031,0,0,0.00275355
4,1500,0.0391076,0.0128531,0,0,0.000651793333333
4,1560,0.0391052,0.0128531,0,0,0.000651753333333
4,1620,0.0390907,0.0128481,0,0,0.000651511666667
4,1680,0.0390905,0.0128485,0,0,0.000651508333333
4,1740,0.0390897,0.012848,0,0,0.000651495
4,1800,0.0390966,0.0128507,0,0,0.00065161
4,1860,0.0390878,0.0128472,0,0,0.000651463333333
4,1920,0.0390898,0.0128484,0,0,0.000651496666667
4,1980,0.0390911,0.0128487,0,0,0.000651518333333
4,2040,0.0390913,0.0128488,0,0,0.000651521666667
4,2100,0.0391016,0.0128524,0,0,0.000651693333333
4,2160,0.0391019,0.0128521,0,0,0.000651698333333
4,2220,0.0390981,0.0128508,0,0,0.000651635
4,2280,0.0390787,0.0128439,0,0,0.000651311666667
4,2340,0.0390905,0.012849,0,0,0.000651508333333
4,2400,0.0390832,0.0128459,0,0,0.000651386666667
4,2460,0.0390832,0.012846,0,0,0.000651386666667
4,2520,0.0390911,0.0128488,0,0,0.000651518333333
4,2580,0.0390979,0.0128511,0,0,0.000651631666667
4,2640,0.0391235,0.0128601,0,0,0.000652058333333
4,2700,0.0391183,0.0128574,0,0,0.000651971666667
4,2760,0.0391182,0.0128575,0,0,0.00065197
4,2820,0.0391184,0.0128575,0,0,0.000651973333333
4,2880,0.0391248,0.01286,0,0,0.00065208
4,2940,0.0391444,0.0128669,0,0,0.000652406666667
4,3000,0.0391437,0.0128658,0,0,0.000652395
4,3060,0.0391391,0.0128643,0,0,0.000652318333333
4,3120,0.0391388,0.0128643,0,0,0.000652313333333
4,3180,0.0391375,0.0128638,0,0,0.000652291666667
4,3240,0.0391256,0.0128596,0,0,0.000652093333333
4,3300,0.0391134,0.0128555,0,0,0.00065189
4,3360,0.0391132,0.0128559,0,0,0.000651886666667
4,3420,0.0391109,0.0128551,0,0,0.000651848333333
4,3480,0.0391056,0.0128533,0,0,0.00065176
4,3540,0.0391068,0.0128539,0,0,0.00065178
5,0,0.0391347,0.012864,0,0,0.000652245
5,60,0.0391474,0.0128677,0,0,0.000652456666667
5,120,0.0391461,0.0128666,0,0,0.000652435
5,180,0.0391423,0.0128653,0,0,0.000652371666667
5,240,0.0391437,0.0128661,0,0,0.000652395
5,300,0.165244,0.0543131,0,0,0.002754066666667
5,360,0.165242,0.0543123,0,0,0.002754033333333
5,420,0.165234,0.0543089,0,0,0.0027539
5,480,0.165229,0.0543077,0,0,0.002753816666667
5,540,0.165256,0.0543179,0,0,0.002754266666667
5,600,0.165201,0.0542969,0,0,0.00275335
5,660,0.165257,0.0543189,0,0,0.002754283333333
5,720,0.165259,0.0543181,0,0,0.002754316666667
5,780,0.165214,0.0543015,0,0,0.002753566666667
5,840,0.165212,0.0543022,0,0,0.002753533333333
5,900,0.165183,0.0542924,0,0,0.00275305
5,960,0.165253,0.054318,0,0,0.002754216666667
5,1020,0.16525,0.0543154,0,0,0.002754166666667
5,1080,0.165252,0.0543155,0,0,0.0027542
5,1140,0.165271,0.0543219,0,0,0.002754516666667
5,1200,0.165271,0.0543217,0,0,0.002754516666667
5,1260,0.165265,0.0543189,0,0,0.002754416666667
5,1320,0.165265,0.0543199,0,0,0.002754416666667
5,1380,0.0391488,0.0128677,0,0,0.00065248
5,1440,0.039141,0.0128647,0,0,0.00065235
5,1500,0.0391398,0.0128645,0,0,0.00065233
5,1560,0.0391382,0.0128639,0,0,0.000652303333333
5,1620,0.0391266,0.0128602,0,0,0.00065211
5,1680,0.0391182,0.0128571,0,0,0.00065197
5,1740,0.0391117,0.0128553,0,0,0.000651861666667
5,1800,0.0391022,0.0128523,0,0,0.000651703333333
5,1860,0.0391019,0.0128524,0,0,0.000651698333333
5,1920,0.0391021,0.0128522,0,0,0.000651701666667
5,1980,0.0391101,0.0128551,0,0,0.000651835
5,2040,0.0389643,0.0128068,0,0,0.000649405
5,2100,0.0389626,0.0128062,0,0,0.000649376666667
5,2160,0.0389506,0.0128022,0,0,0.000649176666667
5,2220,0.0390927,0.0128493,0,0,0.000651545
5,2280,0.0390908,0.0128484,0,0,0.000651513333333
5,2340,0.0390788,0.0128441,0,0,0.000651313333333
5,2400,0.0390656,0.0128397,0,0,0.000651093333333
5,2460,0.0390475,0.0128335,0,0,0.000650791666667
5,2520,0.0390505,0.0128355,0,0,0.000650841666667
5,2580,0.0390405,0.0128314,0,0,0.000650675
5,2640,0.0390302,0.012828,0,0,0.000650503333333
5,2700,0.0390435,0.0128333,0,0,0.000650725
5,2760,0.0390439,0.0128331,0,0,0.000650731666667
5,2820,0.0390495,0.0128352,0,0,0.000650825
5,2880,0.0390445,0.0128332,0,0,0.000650741666667
5,2940,0.0390335,0.0128293,0,0,0.000650558333333
5,3000,0.0390563,0.012838,0,0,0.000650938333333
5,3060,0.0390644,0.0128401,0,0,0.000651073333333
5,3120,0.0390646,0.0128399,0,0,0.000651076666667
5,3180,0.0390667,0.0128408,0,0,0.000651111666667
5,3240,0.0390912,0.0128495,0,0,0.00065152
5,3300,0.0391103,0.0128551,0,0,0.000651838333333
5,3360,0.0391112,0.0128553,0,0,0.000651853333333
5,3420,0.0390862,0.0128464,0,0,0.000651436666667
5,3480,0.0390685,0.012841,0,0,0.000651141666667
5,3540,0.0390695,0.012842,0,0,0.000651158333333
6,0,0.0390792,0.0128452,0,0,0.00065132
6,60,0.0389728,0.0128096,0,0,0.000649546666667
6,120,0.0389734,0.01281,0,0,0.000649556666667
6,180,0.164573,0.0540942,0,0,0.002742883333333
6,240,0.165145,0.0542815,0,0,0.002752416666667
6,300,0.165156,0.0542861,0,0,0.0027526
6,360,0.165156,0.0542841,0,0,0.0027526
6,420,0.165142,0.0542792,0,0,0.002752366666667
6,480,0.165107,0.0542666,0,0,0.002751783333333
6,540,0.165103,0.0542662,0,0,0.002751716666667
6,600,0.165162,0.0542885,0,0,0.0027527
6,660,0.16524,0.0543152,0,0,0.002754
6,720,0.165237,0.0543109,0,0,0.00275395
6,780,0.165221,0.0543045,0,0,0.002753683333333
6,840,0.165219,0.0543049,0,0,0.00275365
6,900,0.165152,0.0542804,0,0,0.002752533333333
6,960,0.165158,0.0542859,0,0,0.002752633333333
6,1020,0.165159,0.054286,0,0,0.00275265
6,1080,0.16519,0.0542959,0,0,0.002753166666667
6,1140,0.165257,0.0543194,0,0,0.002754283333333
6,1200,0.165258,0.0543174,0,0,0.0027543
6,1260,0.0391421,0.0128652,0,0,0.000652368333333
6,1320,0.0391399,0.0128647,0,0,0.000652331666667
6,1380,0.0391413,0.0128653,0,0,0.000652355
6,1440,0.0391451,0.0128666,0,0,0.000652418333333
6,1500,0.0391099,0.0128536,0,0,0.000651831666667
6,1560,0.0391207,0.0128588,0,0,0.000652011666667
6,1620,0.0825535,0.0271316,0,0,0.001375891666667
6,1680,0.251368,0.0826023,0,0,0.004189466666667
6,1740,0.25139,0.0826294,0,0,0.004189833333333
6,1800,0.251447,0.0826481,0,0,0.004190783333333
6,1860,0.208686,0.0685928,0,0,0.0034781
6,1920,0.208647,0.0685776,0,0,0.00347745
6,1980,0.208669,0.0685864,0,0,0.003477816666667
6,2040,0.25201,0.0828272,0,0,0.004200166666667
6,2100,0.252059,0.0828488,0,0,0.004200983333333
6,2160,0.252056,0.0828467,0,0,0.004200933333333
6,2220,0.295495,0.0971244,0,0,0.004924916666667
6,2280,0.295464,0.0971125,0,0,0.0049244
6,2340,0.295408,0.0970928,0,0,0.004923466666667
6,2400,0.295328,0.0970664,0,0,0.004922133333333
6,2460,0.295268,0.0970478,0,0,0.004921133333333
6,2520,0.29531,0.0970653,0,0,0.004921833333333
6,2580,0.295307,0.097063,0,0,0.004921783333333
6,2640,0.2953,0.0970583,0,0,0.004921666666667
6,2700,0.295297,0.0970593,0,0,0.004921616666667
6,2760,0.295349,0.0970785,0,0,0.004922483333333
6,2820,0.295266,0.0970469,0,0,0.0049211
6,2880,0.295148,0.0970069,0,0,0.004919133333333
6,2940,0.29513,0.0970045,0,0,0.004918833333333
6,3000,0.124272,0.0408456,0,0,0.0020712
6,3060,0.124251,0.0408388,0,0,0.00207085
6,3120,0.236677,0.077792,0,0,0.003944616666667
6,3180,0.239787,0.0788184,0,0,0.00399645
6,3240,0.23983,0.0788294,0,0,0.003997166666667
6,3300,0.304879,0.100208,0,0,0.005081316666667
6,3360,0.305092,0.10028,0,0,0.005084866666667
6,3420,0.370224,0.121676,0,0,0.0061704
6,3480,0.370249,0.121696,0,0,0.006170816666667
6,3540,0.370373,0.121742,0,0,0.006172883333333
7,0,0.691117,0.22716,0,0,0.011518616666667
7,60,0.690565,0.226976,0,0,0.011509416666667
7,120,0.816865,0.268512,0,0,0.013614416666667
7,180,0.816625,0.2684,0,0,0.013610416666667
7,240,0.495779,0.162956,0,0,0.008262983333333
7,300,0.494155,0.162419,0,0,0.008235916666667
7,360,0.494151,0.162419,0,0,0.00823585
7,420,0.556205,0.182814,0,0,0.009270083333333
7,480,0.38533,0.126653,0,0,0.006422166666667
7,540,0.385084,0.126564,0,0,0.006418066666667
7,600,0.485998,0.15974,0,0,0.008099966666667
7,660,0.609359,0.200288,0,0,0.010155983333333
7,720,0.503045,0.165343,0,0,0.008384083333333
7,780,0.508201,0.167041,0,0,0.008470016666667
7,840,0.55133,0.181216,0,0,0.009188833333333
7,900,0.626224,0.20583,0,0,0.010437066666667
7,960,0.628196,0.206478,0,0,0.010469933333333
7,1020,0.64965,0.213526,0,0,0.0108275
7,1080,0.649659,0.213532,0,0,0.01082765
7,1140,0.710883,0.233654,0,0,0.01184805
7,1200,2.64635,0.869644,0,0,0.044105833333333
7,1260,2.60403,0.855913,0,0,0.0434005
7,1320,2.61849,0.860673,0,0,0.0436415
7,1380,2.56615,0.843607,0,0,0.042769166666667
7,1440,2.56655,0.843587,0,0,0.042775833333333
7,1500,2.60349,0.855698,0,0,0.0433915
7,1560,2.48571,0.817007,0,0,0.0414285
7,1620,2.50508,0.823404,0,0,0.041751333333333
7,1680,2.54733,0.837273,0,0,0.0424555
7,1740,2.5483,0.837615,0,0,0.042471666666667
7,1800,2.54324,0.83589,0,0,0.042387333333333
7,1860,2.54606,0.836951,0,0,0.042434333333333
7,1920,2.54607,0.836853,0,0,0.0424345
7,1980,2.50368,0.822953,0,0,0.041728
7,2040,2.50269,0.822538,0,0,0.0417115
7,2100,2.50255,0.822546,0,0,0.041709166666667
7,2160,2.50254,0.822545,0,0,0.041709
7,2220,2.50407,0.823101,0,0,0.0417345
7,2280,2.67174,0.878136,0,0,0.044529
7,2340,2.72606,0.89602,0,0,0.045434333333333
7,2400,2.72819,0.896799,0,0,0.045469833333333
7,2460,2.6749,0.87921,0,0,0.044581666666667
7,2520,2.66371,0.875503,0,0,0.044395166666667
7,2580,2.71674,0.892926,0,0,0.045279
7,2640,2.76659,0.909349,0,0,0.046109833333333
7,2700,2.72302,0.895023,0,0,0.045383666666667
7,2760,2.72203,0.894671,0,0,0.045367166666667
7,2820,0.618748,0.203365,0,0,0.010312466666667
7,2880,0.683243,0.224571,0,0,0.011387383333333
7,2940,0.618643,0.203337,0,0,0.010310716666667
7,3000,0.621285,0.204259,0,0,0.01035475
7,3060,0.617984,0.203119,0,0,0.010299733333333
7,3120,0.617876,0.203073,0,0,0.010297933333333
7,3180,0.61774,0.203036,0,0,0.010295666666667
7,3240,0.617964,0.203116,0,0,0.0102994
7,3300,0.617841,0.203081,0,0,0.01029735
7,3360,0.617901,0.203102,0,0,0.01029835
7,3420,0.54772,0.180025,0,0,0.009128666666667
7,3480,0.547748,0.180032,0,0,0.009129133333333
7,3540,0.590594,0.194108,0,0,0.009843233333333
8,0,0.422351,0.138821,0,0,0.007039183333333
8,60,0.421132,0.13839,0,0,0.007018866666667
8,120,0.42104,0.138388,0,0,0.007017333333333
8,180,0.42245,0.138854,0,0,0.007040833333333
8,240,0.422899,0.139001,0,0,0.007048316666667
8,300,0.353965,0.116342,0,0,0.005899416666667
8,360,0.45319,0.148967,0,0,0.007553166666667
8,420,0.453077,0.148917,0,0,0.007551283333333
8,480,0.458635,0.150749,0,0,0.007643916666667
8,540,0.465852,0.153121,0,0,0.0077642
8,600,0.465927,0.153154,0,0,0.00776545
8,660,0.46812,0.153866,0,0,0.007802
8,720,0.532699,0.175077,0,0,0.008878316666667
8,780,0.524823,0.172499,0,0,0.00874705
8,840,0.588413,0.193396,0,0,0.009806883333333
8,900,0.524003,0.172223,0,0,0.008733383333333
8,960,0.532502,0.175034,0,0,0.008875033333333
8,1020,0.525777,0.172813,0,0,0.00876295
8,1080,0.461935,0.151838,0,0,0.007698916666667
8,1140,0.462099,0.151886,0,0,0.00770165
8,1200,0.511283,0.168058,0,0,0.008521383333333
8,1260,0.511504,0.16813,0,0,0.008525066666667
8,1320,0.511647,0.168173,0,0,0.00852745
8,1380,0.641703,0.210861,0,0,0.01069505
8,1440,0.640898,0.210651,0,0,0.010681633333333
8,1500,0.640853,0.210637,0,0,0.010680883333333
8,1560,0.640964,0.210683,0,0,0.010682733333333
8,1620,0.705641,0.231934,0,0,0.011760683333333
8,1680,0.705238,0.231791,0,0,0.011753966666667
8,1740,0.705126,0.23176,0,0,0.0117521
8,1800,0.706401,0.232186,0,0,0.01177335
8,1860,0.706758,0.232309,0,0,0.0117793
8,1920,0.706787,0.232311,0,0,0.011779783333333
8,1980,0.705275,0.231806,0,0,0.011754583333333
8,2040,0.705955,0.232039,0,0,0.011765916666667
8,2100,0.703449,0.231211,0,0,0.01172415
8,2160,0.703076,0.231081,0,0,0.011717933333333
8,2220,0.825892,0.271453,0,0,0.013764866666667
8,2280,0.828691,0.27238,0,0,0.013811516666667
8,2340,1.00064,0.328893,0,0,0.016677333333333
8,2400,0.95747,0.314707,0,0,0.015957833333333
8,2460,0.914575,0.300604,0,0,0.015242916666667
8,2520,0.850633,0.279625,0,0,0.014177216666667
8,2580,0.850884,0.27968,0,0,0.0141814
8,2640,1.02212,0.336037,0,0,0.017035333333333
8,2700,0.914854,0.300736,0,0,0.015247566666667
8,2760,0.915552,0.300952,0,0,0.0152592
8,2820,0.915598,0.300942,0,0,0.015259966666667
8,2880,1.23532,0.40603,0,0,0.020588666666667
8,2940,1.23498,0.405892,0,0,0.020583
8,3000,1.2352,0.405999,0,0,0.020586666666667
8,3060,1.23555,0.406092,0,0,0.0205925
8,3120,0.916031,0.301112,0,0,0.015267183333333
8,3180,0.915924,0.301043,0,0,0.0152654
8,3240,0.916021,0.3011,0,0,0.015267016666667
8,3300,0.791026,0.260017,0,0,0.013183766666667
8,3360,0.791076,0.260018,0,0,0.0131846
8,3420,0.791384,0.260132,0,0,0.013189733333333
8,3480,0.789247,0.259411,0,0,0.013154116666667
8,3540,0.78924,0.25941,0,0,0.013154
9,0,0.788857,0.259283,0,0,0.013147616666667
9,60,0.791617,0.260196,0,0,0.013193616666667
9,120,0.791866,0.260283,0,0,0.013197766666667
9,180,0.789125,0.259371,0,0,0.013152083333333
9,240,0.789145,0.259393,0,0,0.013152416666667
9,300,0.78705,0.258649,0,0,0.0131175
9,360,0.621532,0.204291,0,0,0.010358866666667
9,420,0.621679,0.204341,0,0,0.010361316666667
9,480,0.621773,0.204366,0,0,0.010362883333333
9,540,0.619364,0.203574,0,0,0.010322733333333
9,600,0.619737,0.20372,0,0,0.01032895
9,660,0.620142,0.203836,0,0,0.0103357
9,720,0.620131,0.203815,0,0,0.010335516666667
9,780,0.620591,0.203999,0,0,0.010343183333333
9,840,0.621065,0.204149,0,0,0.010351083333333
9,900,0.621287,0.204208,0,0,0.010354783333333
9,960,0.621669,0.204342,0,0,0.01036115
9,1020,0.621668,0.204333,0,0,0.010361133333333
9,1080,0.62142,0.20424,0,0,0.010357
9,1140,0.621047,0.204121,0,0,0.010350783333333
9,1200,0.621076,0.204139,0,0,0.010351266666667
9,1260,0.621131,0.204158,0,0,0.010352183333333
9,1320,0.62148,0.204285,0,0,0.010358
9,1380,0.621461,0.204264,0,0,0.010357683333333
9,1440,0.609715,0.200414,0,0,0.010161916666667
9,1500,0.611371,0.200949,0,0,0.010189516666667
9,1560,0.613032,0.201495,0,0,0.0102172
9,1620,0.625041,0.205457,0,0,0.01041735
9,1680,1.80873,0.594513,0,0,0.0301455
9,1740,1.80319,0.592676,0,0,0.030053166666667
9,1800,1.80153,0.592128,0,0,0.0300255
9,1860,0.470696,0.15471,0,0,0.007844933333333
9,1920,0.470709,0.154717,0,0,0.00784515
9,1980,0.470749,0.154735,0,0,0.007845816666667
9,2040,0.470336,0.15459,0,0,0.007838933333333
9,2100,0.595643,0.195769,0,0,0.009927383333333
9,2160,0.595397,0.195686,0,0,0.009923283333333
9,2220,0.59526,0.195649,0,0,0.009921
9,2280,0.594913,0.195519,0,0,0.009915216666667
9,2340,0.594895,0.19553,0,0,0.009914916666667
9,2400,0.595237,0.195667,0,0,0.009920616666667
9,2460,0.59521,0.195638,0,0,0.009920166666667
9,2520,0.59514,0.195609,0,0,0.009919
9,2580,0.594871,0.195523,0,0,0.009914516666667
9,2640,0.594268,0.195299,0,0,0.009904466666667
9,2700,0.594133,0.19528,0,0,0.009902216666667
9,2760,0.592059,0.194599,0,0,0.00986765
9,2820,0.591998,0.194583,0,0,0.009866633333333
9,2880,0.59225,0.194673,0,0,0.009870833333333
9,2940,0.594327,0.195348,0,0,0.00990545
9,3000,0.594096,0.195259,0,0,0.0099016
9,3060,0.762384,0.250575,0,0,0.0127064
9,3120,0.762043,0.25046,0,0,0.012700716666667
9,3180,0.637028,0.209383,0,0,0.010617133333333
9,3240,0.638632,0.209913,0,0,0.010643866666667
9,3300,0.639012,0.210036,0,0,0.0106502
9,3360,0.638779,0.20995,0,0,0.010646316666667
9,3420,0.637459,0.209516,0,0,0.010624316666667
9,3480,0.637082,0.209376,0,0,0.010618033333333
9,3540,0.635343,0.208788,0,0,0.01058905
10,0,0.637156,0.20948,0,0,0.010619266666667
10,60,0.640053,0.210379,0,0,0.01066755
10,120,0.640337,0.210484,0,0,0.010672283333333
10,180,0.640733,0.2106,0,0,0.010678883333333
10,240,0.640731,0.210598,0,0,0.01067885
10,300,0.64094,0.21069,0,0,0.010682333333333
10,360,0.640962,0.210673,0,0,0.0106827
10,420,0.638793,0.209959,0,0,0.01064655
10,480,0.638855,0.209983,0,0,0.010647583333333
10,540,0.63888,0.20999,0,0,0.010648
10,600,0.641325,0.210797,0,0,0.01068875
10,660,0.641083,0.210701,0,0,0.010684716666667
10,720,0.641326,0.210795,0,0,0.010688766666667
10,780,0.471795,0.155072,0,0,0.00786325
10,840,0.471784,0.155075,0,0,0.007863066666667
10,900,0.471694,0.155037,0,0,0.007861566666667
10,960,0.471531,0.15498,0,0,0.00785885
10,1020,0.471481,0.154968,0,0,0.007858016666667
10,1080,0.47166,0.155044,0,0,0.007861
10,1140,0.471843,0.155096,0,0,0.00786405
10,1200,0.473167,0.155523,0,0,0.007886116666667
10,1260,0.472966,0.155454,0,0,0.007882766666667
10,1320,0.472959,0.155453,0,0,0.00788265
10,1380,0.469963,0.154462,0,0,0.007832716666667
10,1440,0.469896,0.154445,0,0,0.0078316
10,1500,0.57804,0.189991,0,0,0.009634
10,1560,0.577096,0.18968,0,0,0.009618266666667
10,1620,0.577115,0.189689,0,0,0.009618583333333
10,1680,0.468906,0.154118,0,0,0.0078151
10,1740,0.468889,0.154115,0,0,0.007814816666667
10,1800,2.84732,0.935703,0,0,0.047455333333333
10,1860,2.84805,0.936142,0,0,0.0474675
10,1920,2.84875,0.936348,0,0,0.047479166666667
10,1980,0.46945,0.154342,0,0,0.007824166666667
10,2040,0.469485,0.154314,0,0,0.00782475
10,2100,0.469621,0.154361,0,0,0.007827016666667
10,2160,0.46967,0.154375,0,0,0.007827833333333
10,2220,0.469836,0.154429,0,0,0.0078306
10,2280,0.403842,0.132701,0,0,0.0067307
10,2340,0.405528,0.133293,0,0,0.0067588
10,2400,0.405679,0.133341,0,0,0.006761316666667
10,2460,0.405611,0.133318,0,0,0.006760183333333
10,2520,0.406814,0.133715,0,0,0.006780233333333
10,2580,0.406757,0.133679,0,0,0.006779283333333
10,2640,0.406917,0.133747,0,0,0.00678195
10,2700,0.406751,0.133688,0,0,0.006779183333333
10,2760,0.406711,0.133679,0,0,0.006778516666667
10,2820,0.406849,0.133726,0,0,0.006780816666667
10,2880,0.406809,0.133709,0,0,0.00678015
10,2940,0.532831,0.17513,0,0,0.008880516666667
10,3000,0.532848,0.175142,0,0,0.0088808
10,3060,0.532685,0.175084,0,0,0.008878083333333
10,3120,0.532692,0.175086,0,0,0.0088782
10,3180,0.532406,0.174981,0,0,0.008873433333333
10,3240,0.5324,0.174991,0,0,0.008873333333333
10,3300,0.532107,0.174883,0,0,0.00886845
10,3360,0.528167,0.173597,0,0,0.008802783333333
10,3420,0.5282,0.173611,0,0,0.008803333333333
10,3480,0.52819,0.173607,0,0,0.008803166666667
10,3540,0.531648,0.174748,0,0,0.0088608
11,0,0.531492,0.174691,0,0,0.0088582
11,60,0.531659,0.174757,0,0,0.008860983333333
11,120,0.53135,0.174639,0,0,0.008855833333333
11,180,0.531321,0.174637,0,0,0.00885535
11,240,0.531246,0.174604,0,0,0.0088541
11,300,0.531119,0.174567,0,0,0.008851983333333
11,360,0.531128,0.174576,0,0,0.008852133333333
11,420,0.405606,0.133317,0,0,0.0067601
11,480,0.398854,0.131095,0,0,0.006647566666667
11,540,0.398684,0.131038,0,0,0.006644733333333
11,600,0.398919,0.13112,0,0,0.00664865
11,660,0.405395,0.133256,0,0,0.006756583333333
11,720,0.404463,0.132913,0,0,0.00674105
11,780,0.404535,0.132968,0,0,0.00674225
11,840,0.404322,0.13289,0,0,0.0067387
11,900,0.573812,0.188633,0,0,0.009563533333333
11,960,0.569909,0.187318,0,0,0.009498483333333
11,1020,0.57026,0.187444,0,0,0.009504333333333
11,1080,0.570343,0.187467,0,0,0.009505716666667
11,1140,0.570578,0.187546,0,0,0.009509633333333
11,1200,0.570645,0.187565,0,0,0.00951075
11,1260,0.568553,0.186842,0,0,0.009475883333333
11,1320,0.568416,0.186826,0,0,0.0094736
11,1380,0.568373,0.186812,0,0,0.009472883333333
11,1440,0.568826,0.186979,0,0,0.009480433333333
11,1500,0.568778,0.186942,0,0,0.009479633333333
11,1560,0.56873,0.18693,0,0,0.009478833333333
11,1620,0.568584,0.186883,0,0,0.0094764
11,1680,0.568599,0.18689,0,0,0.00947665
11,1740,0.568611,0.186895,0,0,0.00947685
11,1800,0.568436,0.186837,0,0,0.009473933333333
11,1860,0.568339,0.186798,0,0,0.009472316666667
11,1920,0.568215,0.186761,0,0,0.00947025
11,1980,0.568362,0.186814,0,0,0.0094727
11,2040,0.568365,0.186811,0,0,0.00947275
11,2100,0.565189,0.185736,0,0,0.009419816666667
11,2160,0.565172,0.185763,0,0,0.009419533333333
11,2220,0.400257,0.131559,0,0,0.00667095
11,2280,0.399557,0.131312,0,0,0.006659283333333
11,2340,0.399668,0.131367,0,0,0.006661133333333
11,2400,0.399578,0.131335,0,0,0.006659633333333
11,2460,0.0386312,0.0127,0,0,0.000643853333333
11,2520,0.0386339,0.0126983,0,0,0.000643898333333
11,2580,0.0386584,0.0127065,0,0,0.000644306666667
11,2640,0.0386599,0.0127063,0,0,0.000644331666667
11,2700,0.038658,0.0127062,0,0,0.0006443
11,2760,0.038659,0.0127065,0,0,0.000644316666667
11,2820,0.0386594,0.0127068,0,0,0.000644323333333
11,2880,0.0386931,0.0127185,0,0,0.000644885
11,2940,0.038689,0.0127165,0,0,0.000644816666667
11,3000,0.0386938,0.0127178,0,0,0.000644896666667
11,3060,0.0386837,0.012715,0,0,0.000644728333333
11,3120,0.0385604,0.0126723,0,0,0.000642673333333
11,3180,0.0385583,0.0126734,0,0,0.000642638333333
11,3240,0.0385402,0.0126665,0,0,0.000642336666667
11,3300,0.0385424,0.0126684,0,0,0.000642373333333
11,3360,0.0385171,0.0126595,0,0,0.000641951666667
11,3420,0.0385223,0.0126616,0,0,0.000642038333333
11,3480,0.0385289,0.0126643,0,0,0.000642148333333
11,3540,0.0385371,0.0126664,0,0,0.000642285
12,0,0.0385385,0.0126671,0,0,0.000642308333333
12,60,0.0385176,0.0126602,0,0,0.00064196
12,120,0.0385561,0.0126729,0,0,0.000642601666667
12,180,0.0385259,0.0126628,0,0,0.000642098333333
12,240,0.0383863,0.0126152,0,0,0.000639771666667
12,300,0.038529,0.012664,0,0,0.00064215
12,360,0.0385293,0.0126639,0,0,0.000642155
12,420,0.0384924,0.0126514,0,0,0.00064154
12,480,0.0383014,0.0125876,0,0,0.000638356666667
12,540,0.0383041,0.0125896,0,0,0.000638401666667
12,600,0.0382205,0.0125615,0,0,0.000637008333333
12,660,0.0381873,0.0125515,0,0,0.000636455
12,720,0.0381905,0.0125526,0,0,0.000636508333333
12,780,0.0381789,0.0125488,0,0,0.000636315
12,840,0.0381834,0.0125503,0,0,0.00063639
12,900,0.038169,0.0125454,0,0,0.00063615
12,960,0.0381805,0.0125494,0,0,0.000636341666667
12,1020,0.0381751,0.0125475,0,0,0.000636251666667
12,1080,0.0382039,0.0125573,0,0,0.000636731666667
12,1140,0.0385073,0.0126569,0,0,0.000641788333333
12,1200,0.0385038,0.0126556,0,0,0.00064173
12,1260,0.205337,0.0674913,0,0,0.003422283333333
12,1320,0.205245,0.0674605,0,0,0.00342075
12,1380,0.206266,0.067797,0,0,0.003437766666667
12,1440,0.206269,0.0677978,0,0,0.003437816666667
12,1500,0.206191,0.0677696,0,0,0.003436516666667
12,1560,0.206111,0.0677437,0,0,0.003435183333333
12,1620,0.206167,0.0677653,0,0,0.003436116666667
12,1680,0.207178,0.0680968,0,0,0.003452966666667
12,1740,0.206994,0.0680351,0,0,0.0034499
12,1800,0.206995,0.0680356,0,0,0.003449916666667
12,1860,0.206887,0.0679971,0,0,0.003448116666667
12,1920,0.206119,0.0677475,0,0,0.003435316666667
12,1980,0.206201,0.0677754,0,0,0.003436683333333
12,2040,0.206194,0.0677716,0,0,0.003436566666667
12,2100,0.207756,0.0682873,0,0,0.0034626
12,2160,0.207717,0.0682719,0,0,0.00346195
12,2220,0.20768,0.0682603,0,0,0.003461333333333
12,2280,0.207723,0.0682764,0,0,0.00346205
12,2340,0.207673,0.0682574,0,0,0.003461216666667
12,2400,0.208065,0.0683881,0,0,0.00346775
12,2460,0.208129,0.068411,0,0,0.003468816666667
12,2520,0.2082,0.0684321,0,0,0.00347
12,2580,0.0390525,0.0128361,0,0,0.000650875
12,2640,0.0390511,0.0128354,0,0,0.000650851666667
12,2700,0.0390467,0.0128338,0,0,0.000650778333333
12,2760,0.0390479,0.0128345,0,0,0.000650798333333
12,2820,0.0389843,0.0128119,0,0,0.000649738333333
12,2880,0.0389848,0.0128131,0,0,0.000649746666667
12,2940,0.0389856,0.0128139,0,0,0.00064976
12,3000,0.0390498,0.0128369,0,0,0.00065083
12,3060,0.0390533,0.0128372,0,0,0.000650888333333
12,3120,0.039054,0.0128357,0,0,0.0006509
12,3180,0.0390482,0.0128342,0,0,0.000650803333333
12,3240,0.039056,0.0128376,0,0,0.000650933333333
12,3300,0.039047,0.0128341,0,0,0.000650783333333
12,3360,0.039052,0.012836,0,0,0.000650866666667
12,3420,0.0390505,0.012835,0,0,0.000650841666667
12,3480,0.0390505,0.0128353,0,0,0.000650841666667
12,3540,0.0390596,0.0128386,0,0,0.000650993333333
13,0,0.0390589,0.0128381,0,0,0.000650981666667
13,60,0.0390747,0.0128434,0,0,0.000651245
13,120,0.0390748,0.0128432,0,0,0.000651246666667
13,180,0.0390827,0.0128462,0,0,0.000651378333333
13,240,0.039044,0.012833,0,0,0.000650733333333
13,300,0.0390554,0.0128374,0,0,0.000650923333333
13,360,0.0390442,0.0128328,0,0,0.000650736666667
13,420,0.0390113,0.0128214,0,0,0.000650188333333
13,480,0.0390088,0.0128215,0,0,0.000650146666667
13,540,0.0390109,0.0128222,0,0,0.000650181666667
13,600,0.0390106,0.0128223,0,0,0.000650176666667
13,660,0.0390318,0.012829,0,0,0.00065053
13,720,0.0390314,0.0128289,0,0,0.000650523333333
13,780,0.0390218,0.0128255,0,0,0.000650363333333
13,840,0.0390206,0.0128254,0,0,0.000650343333333
13,900,0.0390174,0.0128242,0,0,0.00065029
13,960,0.0390377,0.0128317,0,0,0.000650628333333
13,1020,0.0390495,0.0128354,0,0,0.000650825
13,1080,0.0390323,0.0128288,0,0,0.000650538333333
13,1140,0.0390225,0.0128259,0,0,0.000650375
13,1200,0.0385139,0.0126587,0,0,0.000641898333333
13,1260,0.0384785,0.0126467,0,0,0.000641308333333
13,1320,0.0384939,0.0126527,0,0,0.000641565
13,1380,0.0389956,0.0128178,0,0,0.000649926666667
13,1440,0.0390094,0.0128221,0,0,0.000650156666667
13,1500,0.0390178,0.0128248,0,0,0.000650296666667
13,1560,0.0390526,0.0128371,0,0,0.000650876666667
13,1620,0.0390527,0.0128359,0,0,0.000650878333333
13,1680,0.164813,0.0541696,0,0,0.002746883333333
13,1740,0.164804,0.0541686,0,0,0.002746733333333
13,1800,0.164804,0.0541681,0,0,0.002746733333333
13,1860,0.165006,0.0542357,0,0,0.0027501
13,1920,0.165095,0.0542647,0,0,0.002751583333333
13,1980,0.165104,0.0542671,0,0,0.002751733333333
13,2040,0.165198,0.0543017,0,0,0.0027533
13,2100,0.165214,0.0543,0,0,0.002753566666667
13,2160,0.165183,0.0542914,0,0,0.00275305
13,2220,0.16518,0.0542915,0,0,0.002753
13,2280,0.165115,0.0542707,0,0,0.002751916666667
13,2340,0.165116,0.054271,0,0,0.002751933333333
13,2400,0.165091,0.0542615,0,0,0.002751516666667
13,2460,0.165084,0.05426,0,0,0.0027514
13,2520,0.165107,0.0542708,0,0,0.002751783333333
13,2580,0.165108,0.0542684,0,0,0.0027518
13,2640,0.165113,0.054271,0,0,0.002751883333333
13,2700,0.165006,0.0542341,0,0,0.0027501
13,2760,0.208312,0.0684639,0,0,0.003471866666667
13,2820,0.208296,0.0684626,0,0,0.0034716
13,2880,0.208181,0.068425,0,0,0.003469683333333
13,2940,0.208183,0.0684263,0,0,0.003469716666667
13,3000,0.208184,0.068426,0,0,0.003469733333333
13,3060,0.208346,0.0684862,0,0,0.003472433333333
13,3120,0.208347,0.0684795,0,0,0.00347245
13,3180,0.208338,0.0684775,0,0,0.0034723
13,3240,0.208359,0.0684847,0,0,0.00347265
13,3300,0.207613,0.0682202,0,0,0.003460216666667
13,3360,0.207607,0.0682374,0,0,0.003460116666667
13,3420,0.20763,0.068245,0,0,0.0034605
13,3480,0.20768,0.0682632,0,0,0.003461333333333
13,3540,0.207614,0.0682368,0,0,0.003460233333333
14,0,0.207599,0.068234,0,0,0.003459983333333
14,60,0.207564,0.0682229,0,0,0.0034594
14,120,0.207746,0.0682839,0,0,0.003462433333333
14,180,0.207752,0.0682863,0,0,0.003462533333333
14,240,0.207717,0.0682723,0,0,0.00346195
14,300,0.207675,0.0682586,0,0,0.00346125
14,360,0.207622,0.0682408,0,0,0.003460366666667
14,420,0.207621,0.0682415,0,0,0.00346035
14,480,0.0389425,0.0128002,0,0,0.000649041666667
14,540,0.0389416,0.0127995,0,0,0.000649026666667
14,600,0.0389362,0.0127976,0,0,0.000648936666667
14,660,0.0390556,0.0128403,0,0,0.000650926666667
14,720,0.0390422,0.0128321,0,0,0.000650703333333
14,780,0.0390436,0.0128331,0,0,0.000650726666667
14,840,0.0390427,0.0128319,0,0,0.000650711666667
14,900,0.0390418,0.0128324,0,0,0.000650696666667
14,960,0.0390393,0.0128315,0,0,0.000650655
14,1020,0.039031,0.0128293,0,0,0.000650516666667
14,1080,0.0390472,0.0128358,0,0,0.000650786666667
14,1140,0.0390385,0.0128312,0,0,0.000650641666667
14,1200,0.0390038,0.012818,0,0,0.000650063333333
14,1260,0.0390646,0.01284,0,0,0.000651076666667
14,1320,0.0390298,0.0128262,0,0,0.000650496666667
14,1380,0.0390232,0.0128263,0,0,0.000650386666667
14,1440,0.0389579,0.0128044,0,0,0.000649298333333
14,1500,0.038783,0.0127472,0,0,0.000646383333333
14,1560,0.038829,0.0127626,0,0,0.00064715
14,1620,0.038836,0.0127649,0,0,0.000647266666667
14,1680,0.0388348,0.0127643,0,0,0.000647246666667
14,1740,0.0388325,0.0127637,0,0,0.000647208333333
14,1800,0.0388335,0.0127639,0,0,0.000647225
14,1860,0.0388421,0.012767,0,0,0.000647368333333
14,1920,0.0388669,0.012776,0,0,0.000647781666667
14,1980,0.0388705,0.0127761,0,0,0.000647841666667
14,2040,0.0388693,0.0127756,0,0,0.000647821666667
14,2100,0.0387715,0.0127434,0,0,0.000646191666667
14,2160,0.0387651,0.0127413,0,0,0.000646085
14,2220,0.0387731,0.0127444,0,0,0.000646218333333
14,2280,0.0388298,0.0127629,0,0,0.000647163333333
14,2340,0.164029,0.0539159,0,0,0.002733816666667
14,2400,0.16419,0.0539671,0,0,0.0027365
14,2460,0.164132,0.0539471,0,0,0.002735533333333
14,2520,0.164159,0.0539567,0,0,0.002735983333333
14,2580,0.163492,0.0537367,0,0,0.002724866666667
14,2640,0.163572,0.0537638,0,0,0.0027262
14,2700,0.163684,0.0538032,0,0,0.002728066666667
14,2760,0.164375,0.054028,0,0,0.002739583333333
14,2820,0.164296,0.054001,0,0,0.002738266666667
14,2880,0.163516,0.053734,0,0,0.002725266666667
14,2940,0.163517,0.0537461,0,0,0.002725283333333
14,3000,0.163519,0.0537459,0,0,0.002725316666667
14,3060,0.163398,0.0537061,0,0,0.0027233
14,3120,0.163366,0.0536944,0,0,0.002722766666667
14,3180,0.330951,0.108778,0,0,0.00551585
14,3240,0.330737,0.108696,0,0,0.005512283333333
14,3300,0.330826,0.108739,0,0,0.005513766666667
14,3360,0.329715,0.108371,0,0,0.00549525
14,3420,0.20558,0.0675715,0,0,0.003426333333333
14,3480,0.205558,0.0675632,0,0,0.003425966666667
14,3540,0.205529,0.0675541,0,0,0.003425483333333
15,0,0.20545,0.0675261,0,0,0.003424166666667
15,60,0.205548,0.0675603,0,0,0.0034258
15,120,0.20561,0.0675818,0,0,0.003426833333333
15,180,0.205611,0.067581,0,0,0.00342685
15,240,0.205521,0.0675511,0,0,0.00342535
15,300,0.205657,0.0675965,0,0,0.003427616666667
15,360,0.20566,0.0675973,0,0,0.003427666666667
15,420,0.205671,0.0676009,0,0,0.00342785
15,480,0.20676,0.0679594,0,0,0.003446
15,540,0.205699,0.067594,0,0,0.003428316666667
15,600,0.205693,0.0676114,0,0,0.003428216666667
15,660,0.205739,0.0676282,0,0,0.003428983333333
15,720,0.205665,0.0675981,0,0,0.00342775
15,780,0.205741,0.0676253,0,0,0.003429016666667
15,840,0.20581,0.0676467,0,0,0.003430166666667
15,900,0.0386031,0.0126883,0,0,0.000643385
15,960,0.038617,0.0126931,0,0,0.000643616666667
15,1020,0.0386285,0.0126969,0,0,0.000643808333333
15,1080,0.0386299,0.0126972,0,0,0.000643831666667
15,1140,0.0386147,0.0126916,0,0,0.000643578333333
15,1200,0.038615,0.0126928,0,0,0.000643583333333
15,1260,0.0386145,0.0126919,0,0,0.000643575
15,1320,0.0385985,0.0126862,0,0,0.000643308333333
15,1380,0.0387274,0.0127292,0,0,0.000645456666667
15,1440,0.03872,0.0127266,0,0,0.000645333333333
15,1500,0.0388727,0.0127769,0,0,0.000647878333333
15,1560,0.038889,0.0127827,0,0,0.00064815
15,1620,0.0388915,0.0127832,0,0,0.000648191666667
15,1680,0.0388985,0.0127856,0,0,0.000648308333333
15,1740,0.0390897,0.0128483,0,0,0.000651495
15,1800,0.0390881,0.0128477,0,0,0.000651468333333
15,1860,0.297139,0.0976641,0,0,0.004952316666667
15,1920,0.297173,0.0976777,0,0,0.004952883333333
15,1980,0.297204,0.0976876,0,0,0.0049534
15,2040,0.297205,0.0976873,0,0,0.004953416666667
15,2100,0.297192,0.0976818,0,0,0.0049532
15,2160,0.297129,0.0976591,0,0,0.00495215
15,2220,0.297226,0.0976978,0,0,0.004953766666667
15,2280,0.297273,0.0977103,0,0,0.00495455
15,2340,0.295997,0.0972886,0,0,0.004933283333333
15,2400,0.29596,0.0972762,0,0,0.004932666666667
15,2460,0.296004,0.0972877,0,0,0.0049334
15,2520,0.378186,0.124303,0,0,0.0063031
15,2580,0.378399,0.124374,0,0,0.00630665
15,2640,0.378537,0.124428,0,0,0.00630895
15,2700,0.378495,0.124412,0,0,0.00630825
15,2760,0.378303,0.124338,0,0,0.00630505
15,2820,0.378108,0.124266,0,0,0.0063018
15,2880,0.377935,0.124208,0,0,0.006298916666667
15,2940,0.378007,0.124246,0,0,0.006300116666667
15,3000,0.377925,0.124217,0,0,0.00629875
15,3060,0.377858,0.124196,0,0,0.006297633333333
15,3120,0.377744,0.124156,0,0,0.006295733333333
15,3180,0.377608,0.124109,0,0,0.006293466666667
15,3240,0.377475,0.124067,0,0,0.00629125
15,3300,0.420267,0.138134,0,0,0.00700445
15,3360,0.420657,0.138279,0,0,0.00701095
15,3420,0.42056,0.138231,0,0,0.007009333333333
15,3480,0.42045,0.138194,0,0,0.0070075
15,3540,0.47651,0.156623,0,0,0.007941833333333
16,0,0.530605,0.174407,0,0,0.008843416666667
16,60,0.405698,0.133348,0,0,0.006761633333333
16,120,0.407758,0.134025,0,0,0.006795966666667
16,180,0.406214,0.133514,0,0,0.006770233333333
16,240,0.574715,0.188903,0,0,0.009578583333333
16,300,0.574808,0.188934,0,0,0.009580133333333
16,360,0.576623,0.189529,0,0,0.009610383333333
16,420,0.684814,0.225098,0,0,0.011413566666667
16,480,0.576785,0.189602,0,0,0.009613083333333
16,540,0.576816,0.18959,0,0,0.0096136
16,600,0.576809,0.189589,0,0,0.009613483333333
16,660,0.576448,0.18945,0,0,0.009607466666667
16,720,0.574036,0.188608,0,0,0.009567266666667
16,780,0.573624,0.188532,0,0,0.0095604
16,840,0.574075,0.188715,0,0,0.009567916666667
16,900,0.684401,0.225031,0,0,0.011406683333333
16,960,0.683959,0.224796,0,0,0.011399316666667
16,1020,0.575541,0.189165,0,0,0.00959235
16,1080,0.575554,0.189176,0,0,0.009592566666667
16,1140,0.573702,0.188566,0,0,0.0095617
16,1200,0.57338,0.18846,0,0,0.009556333333333
16,1260,0.616312,0.202569,0,0,0.010271866666667
16,1320,0.617705,0.203031,0,0,0.010295083333333
16,1380,0.617592,0.202993,0,0,0.0102932
16,1440,0.616096,0.20247,0,0,0.010268266666667
16,1500,0.616134,0.202524,0,0,0.0102689
16,1560,0.448317,0.147359,0,0,0.00747195
16,1620,0.491489,0.161546,0,0,0.008191483333333
16,1680,0.491368,0.1615,0,0,0.008189466666667
16,1740,0.520769,0.171167,0,0,0.008679483333333
16,1800,0.582667,0.191478,0,0,0.009711116666667
16,1860,0.582554,0.191478,0,0,0.009709233333333
16,1920,0.53879,0.177092,0,0,0.008979833333333
16,1980,0.607873,0.199794,0,0,0.010131216666667
16,2040,0.606836,0.199449,0,0,0.010113933333333
16,2100,0.608216,0.19991,0,0,0.010136933333333
16,2160,0.542058,0.178146,0,0,0.0090343
16,2220,0.41219,0.135483,0,0,0.006869833333333
16,2280,0.411192,0.135152,0,0,0.0068532
16,2340,0.47489,0.156086,0,0,0.007914833333333
16,2400,0.411264,0.135179,0,0,0.0068544
16,2460,0.412188,0.13548,0,0,0.0068698
16,2520,0.329043,0.108149,0,0,0.00548405
16,2580,0.327918,0.107774,0,0,0.0054653
16,2640,0.274862,0.0903421,0,0,0.004581033333333
16,2700,0.274613,0.0902568,0,0,0.004576883333333
16,2760,0.27584,0.0906646,0,0,0.004597333333333
16,2820,0.275732,0.0906262,0,0,0.004595533333333
16,2880,0.275663,0.0906055,0,0,0.004594383333333
16,2940,0.339601,0.111621,0,0,0.005660016666667
16,3000,0.319921,0.105177,0,0,0.005332016666667
16,3060,0.321235,0.105586,0,0,0.005353916666667
16,3120,0.31946,0.10498,0,0,0.005324333333333
16,3180,0.318547,0.10469,0,0,0.005309116666667
16,3240,0.361093,0.118685,0,0,0.006018216666667
16,3300,0.361242,0.118737,0,0,0.0060207
16,3360,0.363099,0.119346,0,0,0.00605165
16,3420,0.320203,0.105245,0,0,0.005336716666667
16,3480,0.405752,0.133363,0,0,0.006762533333333
16,3540,0.406817,0.133714,0,0,0.006780283333333
17,0,0.340834,0.112026,0,0,0.005680566666667
17,60,0.46457,0.152696,0,0,0.007742833333333
17,120,0.464582,0.152701,0,0,0.007743033333333
17,180,0.46404,0.152515,0,0,0.007734
17,240,0.595286,0.195679,0,0,0.009921433333333
17,300,0.593096,0.194922,0,0,0.009884933333333
17,360,2.93594,0.964903,0,0,0.048932333333333
17,420,2.92785,0.962334,0,0,0.0487975
17,480,2.92712,0.962096,0,0,0.048785333333333
17,540,0.655142,0.215361,0,0,0.010919033333333
17,600,0.653158,0.214678,0,0,0.010885966666667
17,660,0.758436,0.249287,0,0,0.0126406
17,720,0.758391,0.249269,0,0,0.01263985
17,780,0.758289,0.249227,0,0,0.01263815
17,840,0.759214,0.249554,0,0,0.012653566666667
17,900,0.708582,0.232939,0,0,0.0118097
17,960,0.708932,0.233024,0,0,0.011815533333333
17,1020,0.708493,0.232863,0,0,0.011808216666667
17,1080,0.707918,0.232673,0,0,0.011798633333333
17,1140,0.772092,0.253777,0,0,0.0128682
17,1200,0.882717,0.290137,0,0,0.01471195
17,1260,0.882956,0.290227,0,0,0.014715933333333
17,1320,1.19941,0.394212,0,0,0.019990166666667
17,1380,1.19487,0.392668,0,0,0.0199145
17,1440,1.19414,0.392485,0,0,0.019902333333333
17,1500,1.19478,0.392717,0,0,0.019913
17,1560,0.885677,0.291113,0,0,0.014761283333333
17,1620,0.885245,0.290953,0,0,0.014754083333333
17,1680,0.881833,0.289795,0,0,0.014697216666667
17,1740,0.988891,0.325034,0,0,0.016481516666667
17,1800,1.52316,0.500629,0,0,0.025386
17,1860,1.53107,0.503242,0,0,0.025517833333333
17,1920,1.53204,0.50358,0,0,0.025534
17,1980,1.2323,0.405004,0,0,0.020538333333333
17,2040,1.33472,0.438699,0,0,0.022245333333333
17,2100,1.29113,0.424361,0,0,0.021518833333333
17,2160,1.29138,0.424461,0,0,0.021523
17,2220,1.29493,0.425701,0,0,0.021582166666667
17,2280,1.29472,0.42555,0,0,0.021578666666667
17,2340,1.23036,0.404402,0,0,0.020506
17,2400,1.23144,0.404774,0,0,0.020524
17,2460,1.23126,0.404697,0,0,0.020521
17,2520,1.20051,0.394565,0,0,0.0200085
17,2580,1.19922,0.394137,0,0,0.019987
17,2640,1.19972,0.394341,0,0,0.019995333333333
17,2700,1.20151,0.394972,0,0,0.020025166666667
17,2760,1.08639,0.357076,0,0,0.0181065
17,2820,1.08508,0.356633,0,0,0.018084666666667
17,2880,1.08412,0.356309,0,0,0.018068666666667
17,2940,1.09287,0.359216,0,0,0.0182145
17,3000,1.19991,0.394385,0,0,0.0199985
17,3060,1.19835,0.393852,0,0,0.0199725
17,3120,1.19867,0.393993,0,0,0.019977833333333
17,3180,1.1988,0.394027,0,0,0.01998
17,3240,1.19858,0.393956,0,0,0.019976333333333
17,3300,1.19793,0.393729,0,0,0.0199655
17,3360,1.19891,0.394084,0,0,0.019981833333333
17,3420,1.27698,0.419767,0,0,0.021283
17,3480,1.27696,0.419715,0,0,0.021282666666667
17,3540,1.27724,0.419814,0,0,0.021287333333333
18,0,1.3953,0.458609,0,0,0.023255
18,60,1.42804,0.469267,0,0,0.023800666666667
18,120,1.42327,0.467792,0,0,0.023721166666667
18,180,1.42294,0.467706,0,0,0.023715666666667
18,240,2.57769,0.847293,0,0,0.0429615
18,300,2.58601,0.850066,0,0,0.043100166666667
18,360,2.58314,0.849035,0,0,0.043052333333333
18,420,1.42951,0.469871,0,0,0.023825166666667
18,480,1.38774,0.456153,0,0,0.023129
18,540,1.38759,0.456066,0,0,0.0231265
18,600,1.38744,0.456025,0,0,0.023124
18,660,1.38793,0.456213,0,0,0.023132166666667
18,720,1.38915,0.456617,0,0,0.0231525
18,780,1.38912,0.456583,0,0,0.023152
18,840,1.38286,0.45449,0,0,0.023047666666667
18,900,1.38319,0.454635,0,0,0.023053166666667
18,960,1.38857,0.456456,0,0,0.023142833333333
18,1020,1.28185,0.421305,0,0,0.021364166666667
18,1080,1.08987,0.358223,0,0,0.0181645
18,1140,1.09002,0.358279,0,0,0.018167
18,1200,1.04772,0.344377,0,0,0.017462
18,1260,1.13441,0.372905,0,0,0.018906833333333
18,1320,1.13398,0.372707,0,0,0.018899666666667
18,1380,1.13422,0.372802,0,0,0.018903666666667
18,1440,1.29922,0.42703,0,0,0.021653666666667
18,1500,1.25692,0.41313,0,0,0.020948666666667
18,1560,1.25727,0.413248,0,0,0.0209545
18,1620,1.32129,0.43429,0,0,0.0220215
18,1680,1.25673,0.413065,0,0,0.0209455
18,1740,1.25119,0.411235,0,0,0.020853166666667
18,1800,1.18746,0.390306,0,0,0.019791
18,1860,1.31501,0.43223,0,0,0.021916833333333
18,1920,1.31844,0.433377,0,0,0.021974
18,1980,1.3177,0.4331,0,0,0.021961666666667
18,2040,1.32449,0.435341,0,0,0.022074833333333
18,2100,1.32466,0.435388,0,0,0.022077666666667
18,2160,1.32507,0.435539,0,0,0.0220845
18,2220,1.26191,0.414775,0,0,0.021031833333333
18,2280,1.26194,0.414787,0,0,0.021032333333333
18,2340,1.26289,0.415108,0,0,0.021048166666667
18,2400,1.26274,0.415027,0,0,0.021045666666667
18,2460,1.2618,0.414703,0,0,0.02103
18,2520,1.26174,0.41471,0,0,0.021029
18,2580,1.304,0.428604,0,0,0.021733333333333
18,2640,1.26157,0.414652,0,0,0.021026166666667
18,2700,1.26075,0.414389,0,0,0.0210125
18,2760,1.0902,0.358309,0,0,0.01817
18,2820,1.09222,0.359021,0,0,0.018203666666667
18,2880,0.559077,0.183751,0,0,0.00931795
18,2940,0.666859,0.219186,0,0,0.011114316666667
18,3000,0.666546,0.219078,0,0,0.0111091
18,3060,0.709108,0.233072,0,0,0.011818466666667
18,3120,0.709821,0.233319,0,0,0.01183035
18,3180,0.70961,0.233237,0,0,0.011826833333333
18,3240,0.579446,0.190454,0,0,0.009657433333333
18,3300,0.579196,0.190369,0,0,0.009653266666667
18,3360,0.702167,0.230789,0,0,0.011702783333333
18,3420,0.765821,0.251714,0,0,0.012763683333333
18,3480,0.764617,0.251306,0,0,0.012743616666667
18,3540,0.764264,0.251198,0,0,0.012737733333333
19,0,0.764204,0.25117,0,0,0.012736733333333
19,60,0.763001,0.250787,0,0,0.012716683333333
19,120,0.763299,0.250889,0,0,0.01272165
19,180,0.763836,0.251058,0,0,0.0127306
19,240,0.705953,0.232037,0,0,0.011765883333333
19,300,0.705877,0.232014,0,0,0.011764616666667
19,360,0.706097,0.232083,0,0,0.011768283333333
19,420,0.706268,0.232141,0,0,0.011771133333333
19,480,0.663585,0.218103,0,0,0.01105975
19,540,0.663446,0.218052,0,0,0.011057433333333
19,600,0.567381,0.186492,0,0,0.00945635
19,660,0.567221,0.18644,0,0,0.009453683333333
19,720,0.567486,0.186519,0,0,0.0094581
19,780,0.569895,0.187358,0,0,0.00949825
19,840,0.4885,0.160563,0,0,0.008141666666667
19,900,0.488133,0.160443,0,0,0.00813555
19,960,0.486637,0.159928,0,0,0.008110616666667
19,1020,2.94823,0.968943,0,0,0.049137166666667
19,1080,2.94982,0.969579,0,0,0.049163666666667
19,1140,2.89647,0.952025,0,0,0.0482745
19,1200,0.53129,0.174651,0,0,0.008854833333333
19,1260,1.61478,0.530779,0,0,0.026913
19,1320,1.57208,0.516718,0,0,0.026201333333333
19,1380,1.57423,0.51745,0,0,0.026237166666667
19,1440,0.405392,0.133251,0,0,0.006756533333333
19,1500,0.405436,0.133269,0,0,0.006757266666667
19,1560,0.327934,0.107786,0,0,0.005465566666667
19,1620,0.328093,0.107839,0,0,0.005468216666667
19,1680,0.328162,0.107868,0,0,0.005469366666667
19,1740,0.327839,0.107749,0,0,0.005463983333333
19,1800,0.32653,0.107304,0,0,0.005442166666667
19,1860,0.326825,0.107433,0,0,0.005447083333333
19,1920,0.325766,0.107059,0,0,0.005429433333333
19,1980,0.325901,0.10712,0,0,0.005431683333333
19,2040,0.325338,0.106933,0,0,0.0054223
19,2100,0.326423,0.107309,0,0,0.005440383333333
19,2160,0.326385,0.107281,0,0,0.00543975
19,2220,0.369224,0.121358,0,0,0.006153733333333
19,2280,0.369283,0.12138,0,0,0.006154716666667
19,2340,0.369101,0.121314,0,0,0.006151683333333
19,2400,0.368895,0.121248,0,0,0.00614825
19,2460,0.368869,0.121242,0,0,0.006147816666667
19,2520,0.369142,0.121336,0,0,0.006152366666667
19,2580,0.369364,0.121407,0,0,0.006156066666667
19,2640,0.369669,0.121509,0,0,0.00616115
19,2700,0.369645,0.121496,0,0,0.00616075
19,2760,0.368968,0.121262,0,0,0.006149466666667
19,2820,0.535385,0.175972,0,0,0.008923083333333
19,2880,0.53556,0.176033,0,0,0.008926
19,2940,0.537037,0.176547,0,0,0.008950616666667
19,3000,0.725574,0.238487,0,0,0.0120929
19,3060,0.723288,0.237686,0,0,0.0120548
19,3120,0.723281,0.237729,0,0,0.012054683333333
19,3180,0.724041,0.238003,0,0,0.01206735
19,3240,0.726781,0.238883,0,0,0.012113016666667
19,3300,0.726807,0.23889,0,0,0.01211345
19,3360,0.833521,0.273964,0,0,0.013892016666667
19,3420,0.771967,0.253735,0,0,0.012866116666667
19,3480,0.728932,0.239577,0,0,0.012148866666667
19,3540,0.621672,0.20434,0,0,0.0103612
20,0,0.618548,0.203306,0,0,0.010309133333333
20,60,0.618271,0.203204,0,0,0.010304516666667
20,120,0.618145,0.203172,0,0,0.010302416666667
20,180,0.681943,0.224136,0,0,0.011365716666667
20,240,0.788656,0.259212,0,0,0.013144266666667
20,300,0.67912,0.223184,0,0,0.011318666666667
20,360,0.678874,0.223132,0,0,0.011314566666667
20,420,0.678686,0.223082,0,0,0.011311433333333
20,480,0.557256,0.183191,0,0,0.0092876
20,540,0.390235,0.128258,0,0,0.006503916666667
20,600,0.390054,0.128204,0,0,0.0065009
20,660,0.51998,0.170909,0,0,0.008666333333333
20,720,0.520069,0.17094,0,0,0.008667816666667
20,780,0.519967,0.170903,0,0,0.008666116666667
20,840,0.51961,0.170788,0,0,0.008660166666667
20,900,0.622829,0.204693,0,0,0.010380483333333
20,960,0.620761,0.204022,0,0,0.010346016666667
20,1020,0.551894,0.181398,0,0,0.009198233333333
20,1080,0.551985,0.181428,0,0,0.00919975
20,1140,0.445948,0.146579,0,0,0.007432466666667
20,1200,0.978911,0.321754,0,0,0.016315183333333
20,1260,0.979898,0.322102,0,0,0.016331633333333
20,1320,0.979874,0.322067,0,0,0.016331233333333
20,1380,1.12941,0.371245,0,0,0.0188235
20,1440,1.12905,0.371086,0,0,0.0188175
20,1500,1.02312,0.336288,0,0,0.017052
20,1560,0.491732,0.161619,0,0,0.008195533333333
20,1620,0.598269,0.196637,0,0,0.00997115
20,1680,0.598546,0.196735,0,0,0.009975766666667
20,1740,0.492124,0.161753,0,0,0.008202066666667
20,1800,0.534966,0.175844,0,0,0.0089161
20,1860,0.534908,0.175815,0,0,0.008915133333333
20,1920,0.534762,0.175765,0,0,0.0089127
20,1980,0.535312,0.175958,0,0,0.008921866666667
20,2040,0.535002,0.175843,0,0,0.0089167
20,2100,0.539742,0.177407,0,0,0.0089957
20,2160,0.474856,0.156068,0,0,0.007914266666667
20,2220,0.47434,0.155891,0,0,0.007905666666667
20,2280,0.487953,0.160384,0,0,0.00813255
20,2340,0.458035,0.150551,0,0,0.007633916666667
20,2400,0.458259,0.150632,0,0,0.00763765
20,2460,0.457958,0.150523,0,0,0.007632633333333
20,2520,0.455766,0.14978,0,0,0.0075961
20,2580,0.605645,0.19907,0,0,0.010094083333333
20,2640,0.605447,0.198997,0,0,0.010090783333333
20,2700,0.605547,0.199034,0,0,0.01009245
20,2760,0.562777,0.184976,0,0,0.009379616666667
20,2820,0.562696,0.184947,0,0,0.009378266666667
20,2880,0.562668,0.184941,0,0,0.0093778
20,2940,0.562338,0.184825,0,0,0.0093723
20,3000,0.562638,0.184938,0,0,0.0093773
20,3060,0.562919,0.18504,0,0,0.009381983333333
20,3120,0.561082,0.184401,0,0,0.009351366666667
20,3180,0.714461,0.23483,0,0,0.011907683333333
20,3240,0.767494,0.252247,0,0,0.012791566666667
20,3300,0.663478,0.218075,0,0,0.011057966666667
20,3360,0.663609,0.218119,0,0,0.01106015
20,3420,0.663858,0.218195,0,0,0.0110643
20,3480,0.710307,0.233515,0,0,0.01183845
20,3540,0.645751,0.212249,0,0,0.010762516666667
21,0,0.645268,0.212087,0,0,0.010754466666667
21,60,0.646068,0.212361,0,0,0.0107678
21,120,0.646161,0.212374,0,0,0.01076935
21,180,0.811281,0.266582,0,0,0.01352135
21,240,0.811327,0.266677,0,0,0.013522116666667
21,300,0.811192,0.266623,0,0,0.013519866666667
21,360,0.877983,0.288581,0,0,0.01463305
21,420,0.877808,0.288517,0,0,0.014630133333333
21,480,0.877651,0.288461,0,0,0.014627516666667
21,540,0.942304,0.309722,0,0,0.015705066666667
21,600,0.877909,0.288557,0,0,0.014631816666667
21,660,0.753302,0.2476,0,0,0.012555033333333
21,720,0.794984,0.261273,0,0,0.013249733333333
21,780,0.752185,0.247236,0,0,0.012536416666667
21,840,0.752356,0.247291,0,0,0.012539266666667
21,900,0.752113,0.2472,0,0,0.012535216666667
21,960,0.752155,0.247226,0,0,0.012535916666667
21,1020,0.75213,0.247208,0,0,0.0125355
21,1080,0.859391,0.282467,0,0,0.014323183333333
21,1140,0.817013,0.268559,0,0,0.013616883333333
21,1200,0.816078,0.268214,0,0,0.0136013
21,1260,0.817601,0.268767,0,0,0.013626683333333
21,1320,0.817537,0.268712,0,0,0.013625616666667
21,1380,0.81537,0.267999,0,0,0.0135895
21,1440,0.815999,0.268222,0,0,0.013599983333333
21,1500,0.517823,0.170197,0,0,0.008630383333333
21,1560,0.562402,0.184854,0,0,0.009373366666667
21,1620,0.519281,0.170678,0,0,0.008654683333333
21,1680,0.519168,0.170639,0,0,0.0086528
21,1740,0.562012,0.184718,0,0,0.009366866666667
21,1800,0.562017,0.184729,0,0,0.00936695
21,1860,0.560252,0.184145,0,0,0.009337533333333
21,1920,0.558359,0.183523,0,0,0.009305983333333
21,1980,0.513153,0.168646,0,0,0.00855255
21,2040,0.501747,0.164917,0,0,0.00836245
21,2100,0.448129,0.147286,0,0,0.007468816666667
21,2160,0.449939,0.14791,0,0,0.007498983333333
21,2220,0.449998,0.147908,0,0,0.007499966666667
21,2280,0.4518,0.148501,0,0,0.00753
21,2340,0.452001,0.148571,0,0,0.00753335
21,2400,0.451723,0.148468,0,0,0.007528716666667
21,2460,0.450551,0.148075,0,0,0.007509183333333
21,2520,0.451377,0.148375,0,0,0.00752295
21,2580,0.344191,0.113138,0,0,0.005736516666667
21,2640,0.345341,0.113509,0,0,0.005755683333333
21,2700,0.345409,0.113524,0,0,0.005756816666667
21,2760,0.3453,0.11349,0,0,0.005755
21,2820,0.345253,0.113478,0,0,0.005754216666667
21,2880,0.345246,0.113475,0,0,0.0057541
21,2940,0.345269,0.113488,0,0,0.005754483333333
21,3000,0.345107,0.113426,0,0,0.005751783333333
21,3060,0.345549,0.113588,0,0,0.00575915
21,3120,0.345732,0.113647,0,0,0.0057622
21,3180,0.345791,0.113658,0,0,0.005763183333333
21,3240,0.345691,0.113621,0,0,0.005761516666667
21,3300,0.41018,0.134812,0,0,0.006836333333333
21,3360,0.410328,0.134876,0,0,0.0068388
21,3420,0.410396,0.134893,0,0,0.006839933333333
21,3480,0.408847,0.134381,0,0,0.006814116666667
21,3540,0.406616,0.133648,0,0,0.006776933333333
22,0,0.406416,0.133578,0,0,0.0067736
22,60,0.283279,0.0931093,0,0,0.004721316666667
22,120,0.283383,0.0931491,0,0,0.00472305
22,180,0.283366,0.0931379,0,0,0.004722766666667
22,240,0.282253,0.092756,0,0,0.004704216666667
22,300,0.324728,0.106726,0,0,0.005412133333333
22,360,0.294997,0.0969642,0,0,0.004916616666667
22,420,0.294013,0.0966283,0,0,0.004900216666667
22,480,0.293984,0.0966273,0,0,0.004899733333333
22,540,0.293878,0.0965906,0,0,0.004897966666667
22,600,0.294871,0.0969326,0,0,0.004914516666667
22,660,0.294984,0.0969569,0,0,0.0049164
22,720,0.337404,0.110898,0,0,0.0056234
22,780,0.934581,0.307179,0,0,0.01557635
22,840,0.998941,0.32833,0,0,0.016649016666667
22,900,1.04126,0.342241,0,0,0.017354333333333
22,960,1.04198,0.342495,0,0,0.017366333333333
22,1020,0.936129,0.307719,0,0,0.01560215
22,1080,0.400344,0.131575,0,0,0.0066724
22,1140,0.489938,0.161036,0,0,0.008165633333333
22,1200,0.427301,0.140448,0,0,0.007121683333333
22,1260,0.427349,0.140459,0,0,0.007122483333333
22,1320,0.384433,0.126358,0,0,0.006407216666667
22,1380,0.319675,0.105065,0,0,0.005327916666667
22,1440,0.486994,0.160068,0,0,0.008116566666667
22,1500,0.48742,0.160217,0,0,0.008123666666667
22,1560,0.487502,0.160237,0,0,0.008125033333333
22,1620,0.5945,0.195395,0,0,0.009908333333333
22,1680,0.59162,0.194455,0,0,0.009860333333333
22,1740,0.591588,0.194446,0,0,0.0098598
22,1800,0.591827,0.19453,0,0,0.009863783333333
22,1860,0.592262,0.194678,0,0,0.009871033333333
22,1920,0.592099,0.194609,0,0,0.009868316666667
22,1980,0.592176,0.194638,0,0,0.0098696
22,2040,0.595242,0.195647,0,0,0.0099207
22,2100,0.595188,0.195628,0,0,0.0099198
22,2160,0.531317,0.174648,0,0,0.008855283333333
22,2220,0.596163,0.19595,0,0,0.00993605
22,2280,0.59636,0.196017,0,0,0.009939333333333
22,2340,0.596871,0.196183,0,0,0.00994785
22,2400,0.596627,0.196101,0,0,0.009943783333333
22,2460,0.596761,0.196148,0,0,0.009946016666667
22,2520,0.597365,0.196368,0,0,0.009956083333333
22,2580,0.597224,0.196288,0,0,0.009953733333333
22,2640,0.532482,0.175016,0,0,0.0088747
22,2700,0.600402,0.197341,0,0,0.0100067
22,2760,0.434581,0.142843,0,0,0.007243016666667
22,2820,0.435661,0.143195,0,0,0.007261016666667
22,2880,0.439706,0.144527,0,0,0.007328433333333
22,2940,0.439984,0.144621,0,0,0.007333066666667
22,3000,0.437568,0.14382,0,0,0.0072928
22,3060,0.255453,0.0839682,0,0,0.00425755
22,3120,0.255493,0.0839773,0,0,0.004258216666667
22,3180,0.256124,0.0841969,0,0,0.004268733333333
22,3240,0.320702,0.10541,0,0,0.005345033333333
22,3300,0.490388,0.161184,0,0,0.008173133333333
22,3360,0.490327,0.161161,0,0,0.008172116666667
22,3420,0.490473,0.161214,0,0,0.00817455
22,3480,0.490368,0.161173,0,0,0.0081728
22,3540,0.55464,0.1823,0,0,0.009244
23,0,0.423028,0.139043,0,0,0.007050466666667
23,60,0.358358,0.117787,0,0,0.005972633333333
23,120,0.358567,0.117861,0,0,0.005976116666667
23,180,0.35844,0.117812,0,0,0.005974
23,240,0.358558,0.117855,0,0,0.005975966666667
23,300,0.358651,0.117887,0,0,0.005977516666667
23,360,0.358691,0.117898,0,0,0.005978183333333
23,420,0.35857,0.117852,0,0,0.005976166666667
23,480,0.359141,0.118045,0,0,0.005985683333333
23,540,0.424164,0.13942,0,0,0.0070694
23,600,0.423992,0.139355,0,0,0.007066533333333
23,660,0.422908,0.139,0,0,0.007048466666667
23,720,0.422951,0.139018,0,0,0.007049183333333
23,780,0.297929,0.0979272,0,0,0.004965483333333
23,840,0.296757,0.0975224,0,0,0.00494595
23,900,0.232261,0.0763369,0,0,0.003871016666667
23,960,0.232166,0.0763067,0,0,0.003869433333333
23,1020,0.233082,0.0766247,0,0,0.0038847
23,1080,0.233628,0.0768105,0,0,0.0038938
23,1140,0.233598,0.0767783,0,0,0.0038933
23,1200,2.61519,0.859401,0,0,0.0435865
23,1260,0.0389335,0.0128,0,0,0.000648891666667
23,1320,0.0389111,0.0127889,0,0,0.000648518333333
23,1380,0.0389206,0.0127929,0,0,0.000648676666667
23,1440,0.0389171,0.0127915,0,0,0.000648618333333
23,1500,0.0389182,0.0127918,0,0,0.000648636666667
23,1560,0.0389013,0.0127857,0,0,0.000648355
23,1620,0.038891,0.0127824,0,0,0.000648183333333
23,1680,0.0388764,0.0127776,0,0,0.00064794
23,1740,0.0387493,0.0127347,0,0,0.000645821666667
23,1800,0.206577,0.067897,0,0,0.00344295
23,1860,0.206605,0.0679078,0,0,0.003443416666667
23,1920,0.207456,0.0682024,0,0,0.0034576
23,1980,0.207551,0.0682212,0,0,0.003459183333333
23,2040,0.207511,0.0682044,0,0,0.003458516666667
23,2100,0.207508,0.0682042,0,0,0.003458466666667
23,2160,0.207686,0.0682675,0,0,0.003461433333333
23,2220,0.206812,0.0679621,0,0,0.003446866666667
23,2280,0.206787,0.067968,0,0,0.00344645
23,2340,0.206816,0.0679777,0,0,0.003446933333333
23,2400,0.207618,0.0682409,0,0,0.0034603
23,2460,0.207778,0.0682988,0,0,0.003462966666667
23,2520,0.207935,0.0683497,0,0,0.003465583333333
23,2580,0.207915,0.0683374,0,0,0.00346525
23,2640,0.207856,0.0683172,0,0,0.003464266666667
23,2700,0.207914,0.0683399,0,0,0.003465233333333
23,2760,0.208035,0.0683821,0,0,0.00346725
23,2820,0.208018,0.0683721,0,0,0.003466966666667
23,2880,0.20797,0.0683553,0,0,0.003466166666667
23,2940,0.208154,0.0684236,0,0,0.003469233333333
23,3000,0.208158,0.0684181,0,0,0.0034693
23,3060,0.208117,0.0684036,0,0,0.003468616666667
23,3120,0.0390354,0.0128305,0,0,0.00065059
23,3180,0.0390211,0.0128252,0,0,0.000650351666667
23,3240,0.0390572,0.0128376,0,0,0.000650953333333
23,3300,0.0390584,0.0128379,0,0,0.000650973333333
23,3360,0.0390643,0.01284,0,0,0.000651071666667
23,3420,0.0390312,0.0128288,0,0,0.00065052
23,3480,0.0390389,0.0128318,0,0,0.000650648333333
23,3540,0.0390579,0.0128383,0,0,0.000650965
24,0,0.0390425,0.0128327,0,0,0.000650708333333
,,659.2758158,,,,10.9879302633333
